Va_1,Va_2,Va_3,Va_4,Va_5,Va_6,Va_7,Va_8,Va_9,Va_10,Va_11,Va_12,Va_13,Va_14,Va_15,Va_16,Va_17,Va_18,Va_19,Va_20,Va_21,Va_22,Va_23,Va_24,Va_25,Va_26,Va_27,Va_28,Va_29,Va_30,Va_31,Va_32,Va_33,Va_34,Va_35,Va_36,Va_37,Va_38,Va_39,Va_40,Va_41,Va_42,Va_43,Va_44,Va_45,Va_46,Va_47,Va_48,Va_49,Va_50,Va_51,Va_52,Va_53,Va_54,Va_55,Va_56,Va_57,Va_58,Va_59,Va_60,Va_61,Va_62,Va_63,Va_64,Va_65,Va_66,Va_67,Va_68,Va_69,Va_70,Va_71,Va_72,Va_73,Va_74,Va_75,Va_76,Va_77,Va_78,Va_79,Va_80,Va_81,Va_82,Va_83,Va_84,Va_85,Va_86,Va_87,Va_88,Va_89,Va_90,Va_91,Va_92,Va_93,Va_94,Va_95,Va_96,Va_97,Va_98,Va_99,Va_100
"[31, 129, 86, 1159]","[31, 69, 77, 1138]","[20, 52, 196, 1082]","[36, 155, 77, 869]","[37, 70, 144, 1180]","[34, 91, 200, 473]","[38, 64, 124, 731]","[36, 150, 120, 402]","[24, 160, 221, 764]","[34, 45, 169, 599]","[25, 54, 75, 834]","[28, 80, 115, 1058]","[32, 105, 60, 734]","[40, 87, 162, 530]","[28, 100, 197, 538]","[26, 131, 239, 589]","[37, 64, 136, 668]","[39, 133, 61, 1092]","[40, 48, 129, 999]","[29, 57, 94, 627]","[33, 98, 95, 529]","[40, 131, 111, 934]","[40, 119, 211, 1071]","[33, 61, 128, 1065]","[28, 103, 209, 1158]","[40, 49, 152, 571]","[26, 56, 226, 484]","[20, 44, 237, 831]","[30, 83, 149, 898]","[30, 151, 150, 413]","[38, 51, 240, 728]","[32, 136, 204, 908]","[33, 125, 90, 955]","[37, 68, 62, 727]","[32, 90, 61, 949]","[38, 85, 86, 627]","[19, 121, 144, 625]","[24, 128, 101, 1169]","[33, 40, 184, 641]","[34, 53, 55, 447]","[20, 92, 113, 454]","[26, 93, 159, 1008]","[22, 141, 75, 760]","[19, 130, 87, 550]","[21, 86, 200, 921]","[22, 70, 207, 1038]","[24, 35, 201, 608]","[21, 123, 118, 429]","[38, 101, 134, 970]","[36, 133, 164, 750]","[34, 98, 130, 844]","[38, 154, 208, 858]","[39, 107, 237, 957]","[40, 69, 57, 591]","[40, 156, 78, 892]","[30, 47, 230, 1183]","[19, 155, 218, 692]","[37, 47, 62, 949]","[25, 89, 70, 766]","[19, 134, 176, 497]","[30, 54, 137, 580]","[39, 85, 182, 406]","[33, 110, 80, 820]","[20, 57, 139, 1156]","[25, 149, 82, 473]","[35, 148, 53, 1124]","[36, 66, 105, 1037]","[26, 41, 67, 401]","[32, 96, 130, 472]","[24, 117, 208, 811]","[36, 92, 63, 689]","[36, 104, 108, 963]","[32, 140, 179, 825]","[23, 143, 136, 1152]","[32, 70, 115, 693]","[19, 120, 228, 999]","[31, 42, 154, 481]","[22, 100, 89, 1008]","[29, 74, 143, 853]","[32, 156, 62, 746]","[34, 80, 107, 773]","[26, 116, 97, 1115]","[35, 124, 77, 497]","[26, 92, 162, 1123]","[38, 86, 193, 824]","[30, 84, 159, 616]","[34, 136, 77, 792]","[29, 44, 161, 771]","[25, 67, 101, 580]","[38, 108, 128, 659]","[27, 81, 180, 944]","[34, 120, 206, 929]","[24, 155, 179, 489]","[36, 86, 224, 1126]","[18, 71, 193, 758]","[23, 53, 50, 654]","[25, 85, 227, 648]","[34, 109, 98, 1093]","[20, 142, 181, 1167]","[26, 108, 157, 1137]"
"[35, 99, 176, 437]","[22, 81, 78, 945]","[40, 84, 152, 445]","[31, 55, 80, 489]","[28, 104, 138, 586]","[26, 146, 83, 1053]","[31, 58, 66, 971]","[34, 95, 157, 624]","[36, 62, 185, 544]","[39, 133, 70, 629]","[20, 130, 215, 933]","[30, 88, 235, 609]","[25, 119, 147, 1024]","[22, 65, 191, 1186]","[19, 48, 141, 544]","[23, 80, 162, 817]","[34, 145, 164, 492]","[27, 93, 83, 602]","[22, 69, 130, 1113]","[28, 93, 231, 754]","[18, 115, 53, 878]","[21, 64, 193, 424]","[37, 79, 199, 512]","[31, 66, 123, 554]","[27, 122, 178, 525]","[26, 112, 224, 619]","[35, 130, 57, 729]","[20, 148, 122, 1083]","[31, 158, 64, 727]","[28, 149, 120, 944]","[20, 137, 85, 624]","[35, 82, 98, 789]","[36, 90, 95, 888]","[23, 36, 70, 715]","[32, 145, 101, 623]","[39, 128, 143, 724]","[31, 60, 50, 1073]","[28, 152, 217, 783]","[32, 59, 196, 746]","[19, 63, 163, 1195]","[34, 47, 218, 1008]","[36, 42, 113, 918]","[35, 55, 110, 736]","[32, 95, 229, 459]","[36, 112, 141, 487]","[32, 58, 172, 558]","[28, 134, 133, 802]","[40, 139, 156, 719]","[28, 136, 190, 631]","[36, 140, 237, 868]","[18, 49, 132, 916]","[31, 74, 230, 1046]","[22, 130, 238, 569]","[26, 70, 230, 819]","[38, 69, 213, 689]","[40, 105, 153, 1007]","[18, 66, 238, 689]","[40, 152, 176, 1085]","[20, 88, 191, 419]","[31, 73, 180, 668]","[31, 112, 172, 696]","[40, 101, 90, 758]","[31, 80, 159, 428]","[34, 35, 173, 783]","[31, 114, 182, 1124]","[24, 62, 235, 997]","[24, 151, 178, 535]","[19, 110, 222, 899]","[19, 69, 126, 534]","[38, 157, 225, 681]","[20, 127, 62, 1132]","[32, 123, 146, 527]","[25, 63, 203, 900]","[33, 130, 105, 556]","[37, 84, 153, 589]","[26, 84, 99, 778]","[33, 93, 87, 965]","[32, 123, 181, 1131]","[22, 155, 177, 1089]","[18, 98, 50, 768]","[35, 113, 85, 460]","[19, 41, 112, 960]","[22, 132, 201, 1058]","[27, 69, 201, 614]","[21, 131, 111, 517]","[32, 59, 62, 797]","[24, 71, 51, 1084]","[27, 45, 136, 852]","[24, 137, 81, 486]","[19, 78, 84, 625]","[24, 75, 202, 1192]","[27, 85, 217, 713]","[32, 96, 113, 1072]","[25, 126, 90, 838]","[36, 156, 196, 911]","[25, 50, 144, 625]","[34, 157, 159, 719]","[28, 147, 175, 626]","[23, 71, 62, 1149]","[40, 61, 176, 1165]"
"[27, 67, 116, 716]","[36, 126, 217, 492]","[30, 132, 228, 580]","[39, 81, 195, 910]","[26, 137, 216, 917]","[19, 106, 93, 725]","[26, 41, 84, 595]","[34, 57, 229, 987]","[32, 104, 97, 897]","[39, 104, 66, 1088]","[27, 102, 141, 938]","[26, 157, 176, 1106]","[19, 94, 51, 848]","[22, 136, 200, 720]","[22, 85, 212, 718]","[20, 101, 165, 636]","[33, 131, 105, 1182]","[37, 58, 52, 1182]","[40, 159, 117, 1025]","[37, 138, 202, 712]","[36, 113, 88, 1087]","[39, 42, 187, 681]","[22, 133, 200, 819]","[18, 42, 110, 1112]","[33, 127, 228, 1045]","[18, 99, 213, 1180]","[27, 156, 187, 461]","[37, 55, 148, 676]","[38, 144, 110, 497]","[27, 68, 56, 471]","[38, 142, 130, 546]","[39, 160, 140, 414]","[28, 89, 220, 1009]","[19, 104, 214, 838]","[39, 74, 124, 484]","[28, 60, 231, 446]","[32, 35, 90, 511]","[28, 101, 201, 970]","[35, 43, 182, 689]","[18, 105, 177, 916]","[31, 112, 220, 1146]","[21, 119, 129, 1011]","[36, 99, 155, 605]","[33, 143, 110, 1080]","[19, 139, 197, 1080]","[35, 103, 90, 829]","[29, 43, 160, 614]","[27, 85, 185, 872]","[20, 99, 116, 1000]","[27, 46, 223, 1153]","[31, 105, 139, 629]","[35, 69, 151, 989]","[29, 112, 105, 570]","[27, 102, 114, 929]","[37, 127, 130, 818]","[29, 143, 141, 572]","[22, 121, 221, 662]","[33, 106, 50, 850]","[23, 51, 107, 1132]","[18, 147, 120, 1021]","[24, 82, 89, 949]","[18, 90, 108, 1029]","[35, 105, 82, 461]","[37, 144, 145, 893]","[19, 83, 235, 1027]","[26, 58, 137, 515]","[33, 105, 95, 1076]","[23, 127, 139, 868]","[31, 89, 133, 836]","[19, 85, 172, 530]","[24, 100, 92, 991]","[23, 113, 158, 890]","[40, 66, 136, 989]","[31, 119, 170, 850]","[40, 59, 113, 1001]","[37, 94, 191, 938]","[24, 130, 196, 913]","[31, 40, 159, 1153]","[37, 45, 162, 1054]","[19, 112, 183, 776]","[28, 39, 156, 778]","[21, 93, 95, 599]","[23, 52, 144, 622]","[31, 160, 218, 854]","[23, 158, 216, 988]","[32, 90, 83, 819]","[36, 123, 213, 775]","[26, 49, 78, 661]","[30, 132, 59, 995]","[19, 47, 188, 954]","[25, 71, 87, 1165]","[36, 112, 126, 503]","[20, 125, 121, 673]","[30, 67, 117, 557]","[32, 109, 53, 594]","[22, 51, 121, 1197]","[20, 124, 102, 1061]","[33, 78, 110, 1025]","[27, 49, 192, 1067]","[19, 74, 61, 417]"
"[28, 70, 82, 413]","[37, 138, 84, 920]","[35, 62, 54, 1164]","[22, 48, 181, 700]","[22, 39, 92, 859]","[36, 85, 213, 1176]","[20, 91, 206, 969]","[27, 96, 96, 767]","[25, 45, 154, 844]","[37, 91, 74, 1040]","[25, 47, 213, 1072]","[28, 99, 167, 1135]","[25, 53, 197, 955]","[39, 159, 194, 550]","[24, 134, 160, 1080]","[19, 60, 86, 772]","[40, 54, 77, 610]","[38, 151, 58, 486]","[26, 49, 74, 725]","[40, 104, 129, 973]","[34, 48, 157, 1110]","[31, 153, 84, 1047]","[35, 126, 157, 794]","[18, 92, 185, 643]","[28, 138, 199, 641]","[23, 93, 139, 955]","[22, 100, 72, 1131]","[36, 113, 160, 420]","[40, 81, 184, 1056]","[22, 79, 114, 685]","[30, 116, 121, 507]","[28, 35, 84, 703]","[26, 119, 138, 1088]","[30, 96, 168, 1131]","[31, 57, 178, 441]","[29, 113, 185, 818]","[28, 58, 135, 1135]","[34, 142, 115, 1183]","[26, 95, 86, 1078]","[23, 141, 139, 1124]","[28, 117, 205, 425]","[24, 50, 204, 828]","[24, 117, 111, 939]","[21, 143, 202, 455]","[38, 90, 239, 1090]","[20, 105, 74, 863]","[38, 70, 191, 720]","[22, 63, 180, 629]","[23, 91, 84, 541]","[22, 158, 139, 596]","[31, 41, 142, 569]","[34, 131, 233, 801]","[24, 50, 208, 1094]","[23, 50, 84, 789]","[40, 65, 114, 1113]","[31, 140, 175, 1060]","[25, 156, 61, 616]","[23, 142, 217, 1019]","[34, 47, 195, 820]","[28, 42, 158, 930]","[27, 48, 84, 1089]","[37, 61, 120, 1198]","[20, 129, 88, 563]","[34, 39, 135, 1199]","[23, 78, 85, 427]","[39, 113, 132, 981]","[21, 128, 148, 678]","[37, 56, 186, 742]","[38, 82, 218, 907]","[31, 96, 173, 677]","[28, 73, 186, 456]","[32, 146, 189, 1175]","[24, 99, 55, 814]","[34, 144, 183, 605]","[26, 47, 92, 1124]","[35, 83, 166, 658]","[19, 43, 225, 1052]","[40, 64, 159, 996]","[25, 88, 222, 687]","[21, 88, 116, 502]","[35, 68, 178, 497]","[32, 149, 187, 637]","[23, 143, 166, 812]","[29, 126, 140, 727]","[35, 63, 54, 968]","[29, 94, 140, 456]","[23, 121, 160, 627]","[21, 142, 197, 937]","[27, 133, 107, 942]","[25, 118, 156, 579]","[36, 58, 212, 1151]","[37, 36, 226, 615]","[22, 43, 222, 1156]","[20, 155, 195, 671]","[30, 155, 94, 742]","[36, 82, 116, 906]","[27, 150, 230, 1083]","[36, 88, 174, 1157]","[39, 94, 121, 581]","[25, 97, 50, 1022]"
"[28, 91, 235, 487]","[27, 137, 100, 843]","[24, 121, 222, 807]","[33, 104, 183, 563]","[32, 159, 115, 1119]","[37, 140, 109, 548]","[40, 115, 106, 719]","[19, 44, 154, 542]","[23, 54, 103, 780]","[38, 51, 186, 966]","[26, 135, 171, 1187]","[22, 79, 53, 1188]","[38, 133, 232, 972]","[23, 158, 192, 552]","[36, 126, 107, 748]","[22, 51, 113, 730]","[19, 38, 173, 807]","[27, 135, 92, 667]","[36, 120, 165, 438]","[32, 75, 236, 1151]","[40, 130, 91, 813]","[32, 116, 214, 587]","[38, 81, 173, 777]","[23, 103, 50, 1190]","[28, 129, 231, 660]","[39, 136, 176, 1144]","[30, 91, 108, 421]","[37, 109, 120, 1169]","[33, 35, 225, 878]","[27, 112, 161, 798]","[23, 77, 190, 1125]","[30, 65, 179, 970]","[30, 125, 194, 609]","[19, 128, 117, 422]","[37, 76, 138, 909]","[24, 75, 210, 1090]","[18, 36, 172, 878]","[31, 64, 93, 1016]","[20, 111, 57, 938]","[33, 43, 227, 984]","[30, 94, 195, 1057]","[34, 63, 135, 531]","[25, 68, 128, 710]","[23, 90, 98, 1141]","[24, 86, 240, 1110]","[19, 100, 189, 1167]","[18, 50, 146, 939]","[32, 66, 112, 671]","[20, 74, 50, 836]","[18, 51, 120, 664]","[29, 159, 73, 410]","[30, 44, 81, 430]","[40, 108, 189, 834]","[30, 107, 170, 421]","[20, 135, 167, 770]","[27, 74, 239, 765]","[30, 71, 130, 537]","[37, 55, 162, 946]","[27, 133, 60, 1032]","[40, 72, 175, 938]","[30, 104, 60, 595]","[22, 149, 136, 635]","[18, 113, 121, 1064]","[35, 71, 108, 601]","[19, 111, 208, 516]","[25, 106, 123, 718]","[27, 86, 157, 521]","[38, 61, 108, 916]","[26, 37, 213, 630]","[35, 122, 141, 990]","[38, 88, 198, 1190]","[28, 156, 56, 1089]","[35, 96, 97, 1117]","[35, 77, 177, 1185]","[39, 152, 68, 1185]","[25, 106, 224, 472]","[34, 73, 110, 742]","[29, 41, 205, 1030]","[18, 139, 151, 986]","[22, 84, 191, 778]","[38, 160, 208, 515]","[36, 130, 189, 794]","[28, 39, 193, 729]","[39, 93, 233, 529]","[34, 158, 169, 1042]","[36, 86, 236, 953]","[32, 159, 91, 660]","[28, 109, 153, 971]","[25, 85, 119, 1021]","[39, 38, 84, 1185]","[27, 68, 199, 921]","[22, 80, 115, 1149]","[24, 157, 122, 495]","[18, 47, 89, 1035]","[26, 86, 240, 755]","[21, 96, 122, 931]","[23, 77, 215, 407]","[29, 129, 60, 953]","[28, 54, 172, 439]","[36, 80, 163, 650]"
"[20, 145, 187, 406]","[33, 134, 97, 987]","[29, 130, 106, 467]","[38, 156, 237, 670]","[32, 92, 179, 1135]","[25, 103, 84, 660]","[30, 117, 218, 718]","[31, 100, 213, 821]","[35, 143, 178, 420]","[26, 55, 124, 752]","[28, 85, 95, 424]","[26, 62, 100, 1102]","[37, 118, 169, 1067]","[31, 58, 239, 747]","[18, 83, 231, 575]","[19, 72, 95, 990]","[37, 126, 134, 820]","[20, 155, 67, 762]","[38, 132, 64, 726]","[19, 142, 236, 910]","[40, 90, 155, 740]","[39, 159, 212, 499]","[31, 99, 115, 507]","[30, 83, 56, 432]","[19, 45, 139, 735]","[24, 72, 155, 1188]","[27, 66, 210, 914]","[22, 62, 116, 565]","[21, 103, 201, 532]","[35, 72, 145, 689]","[31, 154, 190, 738]","[31, 77, 192, 1079]","[21, 72, 195, 459]","[28, 155, 128, 842]","[28, 94, 83, 770]","[40, 65, 96, 565]","[34, 114, 93, 967]","[24, 72, 83, 863]","[39, 57, 173, 882]","[34, 35, 125, 766]","[26, 103, 189, 676]","[31, 88, 65, 569]","[32, 77, 130, 720]","[20, 68, 196, 570]","[25, 50, 218, 1153]","[28, 35, 127, 708]","[22, 56, 188, 656]","[35, 158, 56, 1133]","[18, 94, 173, 1121]","[27, 73, 58, 960]","[39, 155, 71, 1109]","[19, 153, 77, 961]","[22, 49, 159, 1127]","[27, 152, 55, 471]","[34, 125, 227, 908]","[36, 72, 214, 775]","[24, 95, 240, 520]","[22, 143, 180, 634]","[22, 88, 161, 538]","[25, 130, 158, 998]","[34, 132, 185, 606]","[23, 145, 201, 1014]","[22, 61, 142, 763]","[22, 75, 149, 604]","[21, 118, 127, 1046]","[26, 113, 197, 1004]","[20, 70, 130, 874]","[31, 159, 53, 1047]","[19, 125, 214, 1013]","[19, 101, 80, 1194]","[23, 61, 239, 1060]","[23, 93, 231, 1183]","[35, 111, 90, 475]","[23, 36, 166, 523]","[23, 131, 106, 980]","[38, 155, 221, 847]","[22, 110, 228, 828]","[20, 98, 190, 407]","[24, 99, 85, 1074]","[28, 134, 70, 996]","[27, 104, 128, 955]","[29, 151, 83, 822]","[19, 157, 114, 882]","[19, 93, 131, 427]","[35, 60, 61, 516]","[20, 101, 134, 696]","[19, 58, 135, 1167]","[33, 96, 199, 590]","[25, 83, 217, 432]","[37, 149, 235, 964]","[25, 142, 92, 687]","[38, 95, 178, 456]","[39, 90, 238, 934]","[30, 135, 163, 986]","[18, 157, 205, 886]","[33, 93, 188, 573]","[40, 94, 184, 400]","[24, 159, 123, 586]","[21, 145, 145, 506]","[34, 89, 62, 935]"
"[31, 98, 208, 668]","[29, 42, 134, 623]","[24, 63, 63, 1122]","[28, 42, 201, 626]","[27, 145, 112, 806]","[38, 97, 188, 1042]","[38, 105, 153, 541]","[18, 94, 168, 605]","[20, 100, 91, 456]","[19, 48, 182, 1133]","[37, 67, 132, 1131]","[35, 36, 130, 856]","[28, 72, 144, 1003]","[20, 55, 204, 1171]","[25, 93, 149, 722]","[37, 67, 127, 923]","[28, 124, 157, 1129]","[28, 104, 194, 1186]","[35, 116, 141, 457]","[26, 88, 76, 1020]","[23, 109, 131, 719]","[23, 41, 51, 975]","[18, 104, 236, 1125]","[32, 101, 128, 901]","[32, 129, 197, 1190]","[24, 97, 90, 609]","[23, 53, 67, 1036]","[37, 95, 76, 597]","[39, 74, 224, 728]","[28, 97, 181, 804]","[33, 61, 229, 657]","[39, 128, 184, 834]","[23, 114, 104, 644]","[39, 147, 151, 1115]","[30, 123, 50, 1164]","[21, 40, 76, 930]","[21, 38, 50, 967]","[33, 144, 50, 762]","[23, 60, 136, 953]","[31, 70, 161, 791]","[32, 114, 225, 867]","[19, 75, 238, 543]","[18, 117, 77, 837]","[23, 67, 236, 1126]","[39, 76, 165, 862]","[20, 65, 113, 988]","[18, 126, 62, 684]","[18, 95, 71, 1162]","[18, 156, 53, 642]","[40, 128, 174, 578]","[24, 160, 64, 578]","[24, 42, 139, 527]","[29, 117, 124, 1140]","[28, 66, 194, 1071]","[31, 143, 215, 654]","[27, 51, 159, 944]","[33, 138, 207, 1133]","[32, 38, 162, 780]","[19, 145, 93, 704]","[40, 56, 198, 1110]","[27, 107, 156, 600]","[28, 69, 117, 452]","[20, 139, 81, 1152]","[38, 52, 106, 525]","[18, 118, 219, 899]","[33, 58, 144, 1011]","[21, 123, 159, 718]","[21, 80, 66, 454]","[23, 103, 120, 700]","[19, 73, 104, 564]","[24, 113, 109, 1058]","[38, 134, 61, 942]","[18, 53, 181, 536]","[32, 66, 138, 870]","[23, 73, 119, 596]","[37, 63, 192, 1025]","[19, 69, 71, 403]","[19, 92, 53, 532]","[21, 122, 106, 448]","[40, 82, 162, 772]","[32, 114, 83, 717]","[37, 152, 146, 920]","[18, 94, 130, 966]","[38, 149, 117, 888]","[27, 98, 94, 1057]","[21, 115, 54, 832]","[36, 129, 130, 1145]","[34, 91, 209, 496]","[20, 147, 117, 958]","[22, 39, 199, 763]","[38, 39, 113, 962]","[36, 61, 129, 818]","[36, 142, 120, 668]","[40, 57, 130, 1013]","[29, 160, 95, 1130]","[22, 92, 191, 809]","[21, 46, 58, 984]","[20, 57, 161, 554]","[38, 141, 155, 1200]","[35, 128, 183, 840]"
"[30, 126, 172, 916]","[37, 151, 82, 686]","[31, 155, 136, 575]","[25, 148, 77, 786]","[30, 131, 84, 1111]","[23, 130, 122, 557]","[32, 145, 163, 587]","[39, 132, 166, 1085]","[33, 82, 201, 680]","[40, 106, 132, 1032]","[28, 147, 199, 1113]","[23, 82, 195, 667]","[32, 68, 148, 853]","[18, 72, 153, 550]","[32, 112, 96, 764]","[26, 56, 131, 1075]","[20, 144, 174, 1009]","[31, 106, 174, 939]","[31, 101, 79, 479]","[35, 110, 89, 513]","[36, 40, 133, 991]","[34, 129, 77, 1100]","[33, 67, 230, 653]","[23, 121, 208, 852]","[38, 131, 145, 416]","[36, 117, 89, 580]","[18, 141, 107, 413]","[36, 47, 135, 927]","[28, 45, 72, 845]","[33, 150, 161, 445]","[24, 85, 137, 804]","[22, 98, 229, 635]","[35, 122, 156, 708]","[18, 61, 197, 964]","[36, 129, 90, 1181]","[35, 71, 193, 1145]","[29, 83, 233, 1191]","[19, 106, 108, 855]","[34, 73, 215, 1166]","[40, 123, 218, 1043]","[19, 71, 104, 1103]","[23, 157, 52, 418]","[31, 117, 234, 903]","[36, 147, 54, 1186]","[19, 136, 192, 812]","[36, 137, 59, 477]","[20, 53, 213, 738]","[32, 138, 112, 703]","[23, 35, 96, 737]","[36, 140, 142, 882]","[26, 55, 185, 549]","[23, 53, 76, 786]","[18, 119, 216, 1057]","[38, 117, 119, 773]","[23, 114, 153, 770]","[22, 91, 177, 1148]","[24, 74, 151, 1000]","[21, 110, 191, 904]","[18, 127, 177, 1197]","[39, 133, 90, 687]","[19, 60, 228, 1181]","[25, 156, 105, 815]","[24, 119, 51, 528]","[37, 85, 101, 654]","[27, 140, 209, 859]","[28, 134, 61, 1048]","[39, 35, 135, 676]","[25, 149, 107, 680]","[35, 73, 191, 1094]","[29, 66, 140, 1072]","[31, 128, 214, 896]","[24, 94, 208, 662]","[35, 66, 180, 887]","[23, 54, 63, 902]","[28, 37, 145, 479]","[18, 42, 146, 474]","[25, 104, 123, 556]","[38, 48, 91, 817]","[40, 54, 80, 1107]","[39, 92, 121, 908]","[22, 35, 214, 750]","[21, 47, 204, 555]","[37, 136, 187, 896]","[34, 99, 91, 508]","[32, 104, 211, 442]","[27, 52, 117, 525]","[34, 89, 87, 995]","[27, 64, 102, 745]","[31, 74, 183, 444]","[39, 55, 206, 593]","[19, 106, 229, 620]","[39, 68, 79, 798]","[34, 71, 80, 479]","[37, 154, 80, 484]","[30, 147, 179, 1091]","[28, 51, 221, 1022]","[28, 90, 173, 905]","[27, 150, 207, 654]","[21, 142, 66, 900]","[23, 119, 83, 405]"
"[26, 109, 227, 1000]","[38, 118, 170, 466]","[38, 79, 137, 902]","[19, 128, 175, 1133]","[23, 90, 200, 577]","[37, 127, 213, 819]","[40, 151, 188, 953]","[29, 48, 136, 817]","[38, 134, 219, 880]","[18, 124, 166, 607]","[20, 120, 54, 931]","[25, 40, 54, 427]","[29, 94, 140, 501]","[31, 102, 157, 798]","[27, 134, 84, 970]","[33, 63, 161, 751]","[23, 110, 97, 840]","[32, 66, 210, 867]","[22, 85, 153, 749]","[35, 127, 54, 1116]","[18, 120, 201, 875]","[35, 76, 179, 523]","[37, 55, 158, 877]","[32, 113, 213, 483]","[37, 88, 112, 1010]","[30, 147, 198, 717]","[28, 118, 216, 1037]","[30, 106, 77, 1197]","[26, 74, 116, 635]","[29, 89, 153, 668]","[23, 58, 216, 777]","[18, 87, 148, 809]","[25, 103, 51, 531]","[26, 118, 152, 543]","[22, 57, 186, 1079]","[26, 67, 237, 500]","[24, 50, 208, 463]","[24, 130, 142, 795]","[37, 126, 163, 742]","[21, 36, 151, 1132]","[35, 43, 162, 582]","[18, 122, 190, 785]","[25, 86, 87, 695]","[33, 92, 194, 599]","[39, 107, 165, 1007]","[34, 98, 118, 810]","[26, 57, 158, 805]","[23, 141, 232, 1165]","[33, 154, 117, 1114]","[36, 64, 160, 632]","[30, 119, 220, 1164]","[26, 113, 225, 1118]","[28, 147, 58, 506]","[35, 105, 75, 512]","[30, 83, 152, 936]","[40, 157, 207, 817]","[28, 116, 132, 1057]","[27, 148, 171, 578]","[36, 54, 192, 819]","[38, 119, 127, 681]","[36, 46, 177, 983]","[38, 100, 123, 1162]","[30, 55, 101, 883]","[31, 85, 139, 688]","[18, 124, 84, 839]","[34, 156, 202, 629]","[30, 131, 124, 589]","[19, 96, 170, 876]","[39, 133, 145, 426]","[34, 108, 90, 542]","[21, 109, 104, 1023]","[29, 85, 86, 654]","[40, 111, 114, 550]","[31, 143, 175, 490]","[24, 77, 86, 631]","[29, 150, 170, 500]","[30, 66, 234, 1152]","[25, 158, 218, 624]","[34, 155, 217, 813]","[38, 125, 144, 765]","[26, 101, 91, 956]","[33, 153, 106, 589]","[24, 83, 166, 433]","[22, 125, 192, 462]","[30, 45, 179, 441]","[21, 40, 170, 582]","[20, 149, 227, 579]","[28, 96, 89, 839]","[28, 75, 100, 1061]","[26, 121, 116, 852]","[31, 133, 180, 726]","[33, 132, 215, 1149]","[35, 150, 155, 1019]","[31, 83, 168, 1126]","[36, 134, 98, 790]","[25, 139, 53, 485]","[38, 73, 123, 471]","[35, 53, 202, 633]","[29, 92, 70, 553]","[23, 138, 189, 609]"
"[39, 48, 105, 548]","[22, 42, 162, 793]","[39, 77, 86, 656]","[27, 39, 113, 437]","[31, 56, 154, 416]","[34, 63, 137, 714]","[22, 141, 149, 761]","[28, 138, 213, 436]","[30, 126, 212, 1093]","[33, 95, 107, 681]","[39, 36, 66, 639]","[28, 152, 133, 504]","[38, 54, 118, 582]","[31, 133, 113, 706]","[30, 119, 230, 494]","[25, 136, 93, 1127]","[37, 125, 65, 1044]","[38, 35, 199, 736]","[27, 158, 85, 931]","[20, 41, 84, 609]","[40, 133, 226, 900]","[26, 129, 221, 1123]","[30, 135, 68, 995]","[34, 75, 133, 420]","[18, 112, 126, 1107]","[37, 76, 237, 976]","[36, 76, 208, 605]","[25, 126, 93, 653]","[18, 114, 231, 784]","[39, 150, 122, 685]","[21, 78, 182, 1182]","[39, 160, 192, 994]","[29, 95, 65, 1018]","[30, 83, 194, 734]","[30, 155, 114, 532]","[40, 52, 78, 872]","[33, 50, 212, 660]","[31, 54, 189, 1045]","[21, 133, 162, 520]","[37, 50, 220, 1056]","[24, 44, 179, 942]","[21, 149, 99, 920]","[36, 95, 140, 1135]","[32, 152, 73, 447]","[30, 86, 139, 924]","[39, 135, 116, 445]","[25, 132, 230, 790]","[39, 82, 103, 973]","[19, 107, 194, 453]","[23, 115, 118, 761]","[29, 81, 136, 885]","[20, 123, 109, 1150]","[20, 98, 112, 1096]","[20, 96, 109, 504]","[35, 151, 66, 534]","[32, 140, 164, 716]","[32, 35, 108, 621]","[24, 145, 152, 1013]","[20, 135, 76, 458]","[19, 128, 188, 583]","[30, 96, 207, 1073]","[32, 58, 77, 943]","[37, 91, 223, 686]","[29, 140, 118, 528]","[34, 80, 146, 838]","[19, 150, 86, 536]","[18, 97, 54, 628]","[19, 109, 87, 739]","[19, 91, 237, 951]","[29, 100, 79, 839]","[31, 110, 76, 542]","[25, 48, 165, 624]","[24, 150, 155, 744]","[40, 124, 114, 630]","[22, 106, 132, 1089]","[26, 87, 185, 673]","[37, 93, 131, 531]","[35, 138, 178, 548]","[38, 85, 53, 1023]","[40, 117, 156, 421]","[22, 76, 131, 448]","[18, 68, 135, 887]","[34, 88, 174, 502]","[23, 61, 119, 687]","[33, 102, 175, 787]","[21, 76, 131, 810]","[33, 139, 57, 609]","[26, 101, 125, 865]","[36, 106, 152, 880]","[39, 114, 188, 655]","[23, 79, 160, 690]","[40, 123, 164, 1129]","[35, 100, 73, 418]","[26, 94, 111, 514]","[32, 142, 229, 418]","[25, 50, 193, 698]","[28, 45, 183, 771]","[20, 66, 107, 841]","[37, 74, 119, 605]","[37, 142, 229, 922]"
"[39, 41, 58, 637]","[22, 56, 132, 1117]","[28, 80, 193, 986]","[37, 45, 229, 487]","[27, 44, 188, 801]","[19, 94, 180, 536]","[37, 95, 177, 467]","[31, 93, 187, 484]","[33, 78, 218, 990]","[30, 62, 99, 1148]","[28, 47, 199, 626]","[29, 68, 93, 962]","[23, 129, 155, 738]","[26, 75, 52, 1139]","[28, 86, 112, 525]","[37, 73, 182, 1000]","[25, 85, 138, 1021]","[26, 80, 208, 517]","[22, 69, 55, 550]","[28, 126, 163, 648]","[23, 86, 228, 1171]","[40, 70, 209, 504]","[35, 68, 203, 593]","[19, 42, 53, 1010]","[36, 95, 154, 467]","[18, 148, 59, 701]","[33, 56, 129, 1092]","[33, 138, 180, 805]","[33, 56, 231, 439]","[34, 147, 189, 743]","[26, 87, 146, 728]","[31, 41, 99, 696]","[19, 86, 119, 1090]","[25, 98, 146, 694]","[24, 152, 174, 878]","[33, 79, 142, 986]","[40, 70, 191, 439]","[24, 52, 68, 542]","[32, 37, 182, 921]","[21, 62, 64, 1020]","[27, 128, 96, 1124]","[33, 51, 53, 681]","[35, 86, 131, 633]","[31, 64, 111, 967]","[32, 87, 67, 848]","[19, 45, 135, 858]","[35, 157, 105, 1120]","[38, 87, 141, 917]","[37, 112, 234, 741]","[27, 127, 122, 930]","[22, 152, 72, 460]","[24, 107, 83, 811]","[20, 43, 76, 871]","[39, 155, 74, 536]","[26, 129, 112, 804]","[37, 44, 90, 857]","[25, 60, 214, 672]","[25, 130, 112, 678]","[34, 51, 72, 956]","[28, 76, 147, 853]","[19, 121, 223, 810]","[30, 68, 88, 645]","[27, 42, 180, 660]","[30, 64, 120, 1056]","[21, 132, 81, 1122]","[34, 40, 102, 1007]","[38, 86, 187, 989]","[19, 123, 81, 926]","[28, 82, 122, 1176]","[24, 70, 87, 687]","[39, 133, 82, 637]","[20, 58, 113, 447]","[28, 133, 83, 1137]","[24, 71, 188, 451]","[23, 136, 225, 831]","[27, 122, 87, 1129]","[34, 44, 151, 493]","[31, 146, 178, 644]","[20, 144, 228, 1155]","[32, 104, 223, 854]","[33, 87, 191, 695]","[40, 86, 98, 467]","[29, 76, 98, 510]","[22, 47, 224, 644]","[31, 97, 161, 1050]","[19, 58, 161, 636]","[24, 150, 106, 1161]","[35, 39, 56, 1075]","[24, 108, 56, 852]","[19, 44, 89, 655]","[31, 64, 156, 760]","[24, 124, 91, 567]","[26, 56, 62, 492]","[37, 75, 218, 470]","[40, 98, 130, 1114]","[39, 81, 108, 558]","[38, 82, 64, 867]","[29, 50, 85, 1084]","[29, 39, 100, 1107]","[19, 131, 123, 602]"
"[18, 158, 51, 624]","[30, 111, 131, 820]","[23, 68, 234, 515]","[36, 62, 227, 696]","[35, 126, 217, 890]","[39, 78, 64, 408]","[40, 138, 110, 577]","[32, 128, 90, 1106]","[21, 57, 210, 735]","[20, 40, 155, 1122]","[40, 124, 111, 1076]","[26, 40, 198, 490]","[35, 72, 185, 1196]","[23, 134, 90, 976]","[26, 85, 231, 407]","[27, 80, 218, 543]","[30, 114, 190, 585]","[35, 50, 221, 415]","[18, 99, 128, 620]","[29, 112, 96, 592]","[31, 148, 173, 873]","[31, 96, 180, 629]","[35, 152, 51, 412]","[40, 50, 99, 702]","[29, 109, 141, 890]","[40, 137, 144, 654]","[30, 136, 178, 460]","[30, 131, 210, 924]","[23, 61, 185, 604]","[29, 83, 175, 548]","[39, 92, 76, 712]","[27, 102, 74, 1157]","[32, 87, 193, 1087]","[23, 84, 173, 610]","[30, 41, 193, 1026]","[18, 41, 141, 573]","[31, 128, 109, 939]","[32, 41, 68, 1004]","[35, 108, 140, 683]","[24, 132, 165, 1169]","[20, 138, 76, 1048]","[34, 148, 145, 638]","[23, 107, 224, 489]","[40, 145, 196, 498]","[22, 56, 226, 844]","[31, 118, 116, 860]","[21, 41, 142, 978]","[26, 68, 90, 858]","[23, 83, 214, 426]","[26, 89, 211, 513]","[21, 53, 118, 974]","[40, 98, 106, 610]","[28, 108, 149, 428]","[39, 117, 116, 937]","[34, 38, 141, 934]","[29, 61, 62, 1114]","[27, 115, 142, 926]","[38, 88, 104, 413]","[20, 110, 148, 770]","[39, 101, 202, 489]","[19, 130, 54, 1180]","[20, 125, 126, 1125]","[37, 37, 150, 1048]","[24, 130, 222, 500]","[31, 142, 239, 580]","[27, 153, 74, 408]","[34, 133, 165, 667]","[29, 64, 191, 720]","[37, 99, 219, 939]","[29, 106, 55, 630]","[27, 59, 84, 702]","[20, 61, 142, 973]","[32, 118, 73, 989]","[25, 135, 120, 1124]","[24, 146, 217, 1117]","[26, 95, 82, 487]","[29, 79, 177, 443]","[26, 64, 141, 776]","[29, 156, 203, 1167]","[39, 148, 132, 1105]","[34, 132, 199, 931]","[38, 141, 234, 1158]","[22, 44, 121, 559]","[29, 142, 115, 768]","[30, 70, 150, 694]","[27, 133, 205, 581]","[22, 90, 159, 824]","[30, 58, 177, 503]","[27, 137, 105, 669]","[18, 103, 74, 1086]","[38, 69, 62, 685]","[38, 125, 125, 1085]","[38, 56, 130, 787]","[27, 87, 80, 643]","[38, 72, 62, 1091]","[29, 65, 181, 1004]","[30, 80, 236, 755]","[32, 119, 84, 1119]","[38, 142, 77, 487]","[20, 40, 101, 957]"
"[28, 128, 88, 1016]","[27, 110, 61, 464]","[26, 89, 130, 545]","[21, 148, 199, 828]","[29, 70, 208, 923]","[36, 122, 59, 504]","[23, 94, 76, 1051]","[19, 96, 164, 548]","[36, 58, 144, 537]","[33, 104, 201, 720]","[21, 96, 103, 1190]","[32, 140, 231, 849]","[34, 138, 138, 723]","[25, 41, 85, 900]","[35, 57, 61, 799]","[25, 143, 202, 466]","[31, 36, 81, 415]","[21, 79, 53, 814]","[35, 56, 134, 1135]","[39, 93, 187, 887]","[23, 41, 63, 1043]","[25, 151, 146, 592]","[24, 71, 238, 573]","[28, 159, 69, 401]","[25, 43, 150, 845]","[29, 139, 161, 571]","[23, 74, 71, 997]","[21, 156, 120, 733]","[30, 41, 225, 722]","[33, 96, 52, 439]","[18, 103, 138, 653]","[30, 116, 120, 627]","[38, 41, 184, 1075]","[26, 78, 55, 847]","[29, 58, 123, 1016]","[28, 136, 226, 439]","[25, 89, 202, 878]","[29, 53, 161, 533]","[20, 142, 211, 662]","[24, 143, 236, 649]","[31, 127, 215, 592]","[19, 148, 184, 639]","[40, 54, 207, 863]","[40, 127, 54, 848]","[37, 137, 95, 1198]","[34, 108, 182, 985]","[27, 71, 167, 1131]","[26, 65, 179, 1040]","[36, 80, 130, 640]","[20, 156, 212, 770]","[26, 55, 213, 1158]","[22, 69, 208, 464]","[20, 132, 102, 1107]","[34, 42, 97, 559]","[38, 43, 88, 1185]","[20, 87, 76, 705]","[23, 115, 105, 1103]","[36, 156, 90, 740]","[31, 56, 139, 599]","[21, 46, 149, 1087]","[35, 130, 94, 987]","[32, 69, 154, 493]","[29, 94, 212, 963]","[36, 51, 194, 505]","[28, 85, 106, 1168]","[39, 37, 196, 796]","[34, 145, 132, 618]","[18, 48, 72, 1110]","[20, 121, 205, 418]","[34, 105, 90, 565]","[20, 54, 66, 511]","[38, 130, 52, 484]","[27, 150, 200, 797]","[33, 47, 61, 826]","[30, 160, 158, 1123]","[30, 52, 123, 1094]","[29, 112, 192, 867]","[38, 59, 142, 1150]","[20, 48, 185, 473]","[31, 93, 54, 979]","[34, 148, 216, 703]","[24, 60, 233, 485]","[27, 83, 135, 1008]","[20, 65, 67, 516]","[21, 99, 165, 556]","[38, 67, 203, 1035]","[37, 102, 170, 969]","[28, 96, 212, 945]","[19, 87, 93, 950]","[22, 132, 110, 412]","[35, 61, 81, 775]","[34, 153, 224, 1092]","[24, 141, 138, 808]","[19, 61, 236, 580]","[29, 70, 201, 435]","[18, 125, 179, 625]","[22, 146, 159, 881]","[37, 112, 161, 546]","[31, 116, 158, 1191]","[21, 144, 139, 701]"
"[26, 94, 209, 778]","[21, 119, 94, 729]","[21, 66, 228, 460]","[37, 75, 70, 631]","[40, 79, 122, 463]","[38, 142, 213, 799]","[21, 147, 188, 1085]","[23, 102, 78, 1184]","[34, 137, 141, 434]","[29, 127, 143, 1073]","[34, 126, 222, 596]","[30, 109, 63, 472]","[39, 43, 82, 521]","[24, 136, 211, 952]","[32, 144, 119, 1085]","[25, 87, 158, 1036]","[39, 144, 145, 626]","[28, 57, 114, 513]","[25, 106, 98, 820]","[29, 132, 158, 1145]","[29, 109, 54, 1129]","[22, 57, 129, 1089]","[26, 46, 161, 463]","[18, 39, 117, 1037]","[29, 108, 208, 878]","[39, 87, 53, 667]","[18, 74, 55, 624]","[30, 46, 233, 638]","[22, 60, 139, 857]","[18, 79, 129, 713]","[40, 148, 237, 565]","[21, 126, 214, 979]","[31, 46, 160, 1017]","[32, 53, 223, 579]","[19, 134, 207, 413]","[24, 38, 135, 854]","[31, 80, 105, 1007]","[29, 117, 228, 546]","[25, 157, 210, 953]","[24, 138, 86, 868]","[40, 117, 107, 498]","[25, 60, 110, 1168]","[26, 137, 80, 802]","[22, 37, 53, 426]","[29, 139, 101, 505]","[40, 43, 165, 886]","[35, 98, 158, 1137]","[23, 90, 52, 686]","[20, 51, 190, 1013]","[30, 79, 125, 1080]","[24, 114, 61, 947]","[22, 64, 130, 832]","[40, 110, 178, 482]","[38, 104, 180, 806]","[26, 84, 90, 821]","[23, 159, 233, 520]","[39, 51, 222, 688]","[22, 110, 107, 484]","[25, 36, 145, 480]","[40, 116, 173, 1197]","[39, 42, 62, 728]","[21, 160, 232, 1073]","[37, 91, 139, 873]","[38, 108, 179, 426]","[21, 62, 144, 743]","[38, 76, 151, 1069]","[32, 114, 236, 406]","[26, 147, 141, 1177]","[34, 160, 179, 861]","[23, 152, 130, 472]","[38, 57, 152, 854]","[27, 55, 195, 806]","[37, 136, 228, 895]","[31, 36, 208, 475]","[37, 112, 162, 1167]","[36, 47, 122, 444]","[35, 158, 74, 821]","[26, 71, 234, 700]","[26, 148, 235, 725]","[32, 39, 83, 937]","[35, 131, 172, 822]","[38, 72, 215, 701]","[39, 128, 239, 836]","[21, 54, 63, 1112]","[31, 106, 52, 1119]","[23, 99, 139, 1130]","[39, 142, 64, 619]","[20, 159, 74, 492]","[19, 107, 153, 980]","[24, 70, 181, 495]","[34, 154, 76, 947]","[39, 156, 122, 955]","[39, 150, 85, 513]","[38, 157, 82, 695]","[18, 100, 188, 843]","[32, 77, 52, 500]","[19, 38, 223, 528]","[37, 53, 104, 1171]","[30, 130, 51, 837]","[34, 35, 81, 699]"
"[35, 156, 50, 554]","[21, 141, 170, 687]","[35, 99, 103, 503]","[35, 50, 129, 941]","[37, 82, 67, 530]","[34, 133, 200, 798]","[35, 58, 139, 775]","[20, 156, 118, 778]","[37, 40, 227, 1023]","[28, 76, 85, 1141]","[28, 106, 179, 499]","[30, 110, 225, 600]","[19, 87, 128, 671]","[22, 88, 212, 589]","[18, 96, 146, 942]","[28, 140, 72, 1063]","[29, 132, 66, 758]","[21, 157, 146, 744]","[30, 149, 110, 646]","[32, 150, 83, 707]","[36, 69, 211, 943]","[34, 160, 190, 856]","[40, 63, 112, 1166]","[32, 80, 130, 683]","[37, 84, 140, 1104]","[34, 154, 208, 782]","[34, 135, 128, 431]","[34, 80, 179, 590]","[33, 137, 77, 1186]","[24, 86, 108, 725]","[39, 159, 123, 757]","[31, 149, 195, 1195]","[36, 157, 240, 1106]","[35, 65, 77, 522]","[37, 63, 161, 833]","[20, 37, 71, 900]","[39, 77, 131, 1071]","[34, 46, 63, 612]","[32, 121, 69, 774]","[33, 93, 71, 777]","[18, 66, 129, 856]","[37, 152, 94, 872]","[22, 106, 116, 1097]","[21, 88, 70, 493]","[35, 37, 224, 1105]","[35, 73, 62, 960]","[40, 62, 93, 876]","[24, 52, 218, 649]","[23, 113, 188, 651]","[26, 126, 93, 441]","[36, 84, 235, 786]","[19, 133, 239, 475]","[39, 155, 102, 943]","[32, 129, 199, 748]","[33, 51, 130, 731]","[26, 145, 59, 807]","[24, 47, 218, 827]","[39, 56, 67, 1051]","[34, 85, 78, 1074]","[38, 121, 220, 838]","[32, 139, 144, 667]","[30, 150, 216, 889]","[28, 106, 208, 1158]","[39, 81, 219, 422]","[22, 54, 226, 657]","[19, 148, 172, 779]","[38, 122, 85, 888]","[36, 126, 77, 1155]","[33, 99, 116, 1029]","[33, 141, 76, 646]","[29, 52, 186, 1072]","[23, 118, 130, 402]","[20, 138, 100, 761]","[29, 137, 131, 510]","[38, 159, 215, 709]","[26, 38, 171, 987]","[27, 139, 230, 854]","[33, 85, 68, 1100]","[21, 144, 101, 674]","[31, 67, 111, 1023]","[31, 91, 57, 943]","[35, 52, 87, 1118]","[26, 36, 194, 566]","[37, 83, 156, 1080]","[33, 97, 219, 1066]","[30, 136, 113, 829]","[38, 39, 141, 782]","[22, 143, 164, 888]","[20, 73, 233, 977]","[27, 61, 113, 1178]","[23, 75, 155, 550]","[24, 43, 142, 976]","[25, 100, 163, 1114]","[25, 90, 119, 972]","[35, 124, 74, 1099]","[36, 91, 119, 620]","[30, 157, 89, 992]","[36, 142, 109, 945]","[33, 158, 228, 1020]","[40, 110, 100, 565]"
"[35, 109, 156, 774]","[37, 124, 135, 1149]","[29, 157, 161, 602]","[35, 61, 63, 625]","[29, 117, 67, 732]","[24, 57, 184, 839]","[34, 123, 171, 441]","[26, 55, 51, 610]","[26, 143, 86, 862]","[24, 48, 50, 872]","[40, 63, 90, 1180]","[19, 66, 158, 729]","[18, 92, 219, 1135]","[24, 101, 156, 441]","[24, 87, 187, 1110]","[27, 61, 158, 422]","[22, 42, 192, 411]","[31, 61, 108, 1117]","[21, 80, 89, 775]","[19, 40, 211, 788]","[32, 144, 116, 896]","[25, 82, 177, 502]","[26, 145, 158, 1191]","[27, 154, 195, 543]","[34, 84, 95, 787]","[28, 109, 164, 998]","[29, 141, 150, 573]","[21, 89, 145, 1089]","[37, 156, 138, 1019]","[37, 36, 192, 494]","[18, 60, 139, 693]","[22, 82, 182, 765]","[39, 85, 131, 658]","[34, 96, 196, 739]","[27, 82, 77, 465]","[39, 117, 206, 1165]","[26, 63, 131, 851]","[30, 111, 121, 1009]","[18, 143, 140, 789]","[32, 44, 85, 1016]","[25, 66, 224, 432]","[36, 61, 179, 581]","[35, 71, 78, 1049]","[20, 39, 83, 894]","[21, 121, 201, 1068]","[28, 126, 204, 745]","[30, 58, 206, 633]","[32, 128, 154, 685]","[29, 70, 148, 807]","[33, 108, 228, 635]","[22, 144, 78, 990]","[21, 101, 83, 520]","[27, 65, 197, 927]","[34, 125, 58, 582]","[25, 114, 189, 731]","[38, 149, 66, 423]","[25, 154, 180, 1079]","[32, 112, 104, 974]","[26, 110, 92, 1130]","[38, 115, 83, 1058]","[21, 52, 180, 936]","[22, 50, 227, 559]","[29, 107, 142, 1190]","[20, 53, 80, 1097]","[37, 153, 194, 776]","[23, 125, 181, 843]","[20, 62, 187, 858]","[19, 110, 103, 1127]","[26, 91, 240, 1156]","[34, 45, 205, 890]","[30, 68, 223, 929]","[18, 118, 144, 1169]","[32, 87, 239, 698]","[21, 108, 66, 858]","[34, 141, 87, 842]","[37, 159, 85, 538]","[37, 55, 113, 1158]","[24, 89, 78, 1097]","[35, 42, 188, 431]","[18, 127, 149, 1065]","[30, 38, 146, 950]","[36, 53, 152, 471]","[22, 51, 91, 441]","[36, 111, 125, 691]","[18, 98, 174, 845]","[25, 51, 133, 918]","[35, 136, 139, 563]","[34, 148, 199, 971]","[22, 118, 207, 803]","[36, 149, 58, 587]","[25, 139, 103, 659]","[36, 143, 222, 867]","[23, 85, 159, 425]","[38, 120, 122, 432]","[37, 135, 115, 928]","[18, 76, 78, 486]","[23, 42, 121, 978]","[28, 67, 115, 991]","[37, 152, 157, 1150]","[32, 78, 65, 1056]"
"[22, 86, 231, 831]","[31, 125, 123, 619]","[20, 63, 192, 804]","[39, 107, 91, 532]","[27, 35, 155, 710]","[38, 151, 101, 541]","[32, 117, 68, 828]","[33, 136, 208, 1063]","[28, 56, 81, 953]","[18, 156, 75, 856]","[34, 113, 211, 602]","[27, 90, 175, 740]","[21, 82, 66, 956]","[34, 150, 192, 546]","[23, 96, 99, 908]","[39, 56, 85, 1006]","[27, 122, 182, 1049]","[29, 128, 223, 1121]","[27, 160, 227, 599]","[21, 147, 59, 503]","[32, 56, 151, 943]","[30, 146, 190, 716]","[36, 124, 144, 919]","[39, 51, 158, 930]","[34, 110, 113, 938]","[27, 51, 205, 724]","[40, 117, 208, 624]","[22, 116, 105, 854]","[38, 128, 223, 766]","[40, 103, 177, 1062]","[19, 57, 170, 1041]","[27, 55, 86, 597]","[33, 116, 57, 891]","[23, 44, 85, 1112]","[30, 131, 88, 735]","[23, 70, 206, 570]","[24, 115, 238, 633]","[23, 134, 216, 1024]","[33, 42, 95, 971]","[32, 48, 119, 951]","[34, 72, 51, 1048]","[31, 159, 105, 741]","[27, 68, 95, 476]","[39, 38, 148, 522]","[21, 136, 54, 1004]","[34, 124, 78, 808]","[23, 90, 116, 411]","[25, 102, 58, 754]","[31, 125, 111, 722]","[40, 127, 112, 637]","[29, 132, 236, 628]","[32, 132, 161, 1066]","[40, 85, 116, 1091]","[27, 61, 67, 444]","[40, 74, 195, 765]","[29, 84, 53, 1127]","[25, 35, 120, 713]","[39, 49, 70, 1027]","[27, 55, 153, 424]","[33, 84, 109, 1118]","[24, 105, 180, 1101]","[31, 158, 209, 1045]","[23, 147, 138, 1010]","[40, 80, 123, 713]","[18, 122, 155, 681]","[33, 64, 184, 823]","[28, 157, 233, 461]","[36, 138, 158, 1079]","[28, 69, 174, 995]","[34, 121, 83, 837]","[36, 129, 240, 754]","[36, 84, 143, 731]","[26, 84, 141, 1069]","[37, 84, 236, 562]","[24, 149, 186, 706]","[20, 93, 80, 491]","[40, 126, 178, 981]","[36, 106, 224, 494]","[28, 111, 113, 401]","[18, 70, 188, 993]","[18, 101, 74, 460]","[29, 113, 105, 442]","[36, 87, 69, 454]","[39, 48, 143, 693]","[27, 140, 68, 1068]","[26, 40, 181, 1049]","[34, 69, 114, 910]","[20, 90, 65, 669]","[18, 137, 175, 449]","[20, 136, 221, 899]","[31, 123, 114, 953]","[40, 116, 196, 804]","[32, 93, 135, 575]","[26, 55, 111, 1159]","[31, 90, 134, 922]","[35, 55, 68, 699]","[37, 39, 87, 781]","[34, 150, 209, 547]","[21, 56, 115, 869]","[33, 83, 219, 980]"
"[37, 81, 70, 915]","[27, 111, 51, 479]","[35, 90, 100, 728]","[29, 108, 147, 1165]","[32, 131, 182, 722]","[28, 38, 72, 913]","[33, 71, 146, 558]","[21, 69, 79, 680]","[25, 86, 134, 1036]","[40, 116, 148, 1191]","[18, 77, 132, 1169]","[27, 91, 141, 835]","[26, 62, 179, 755]","[36, 65, 130, 535]","[20, 122, 79, 1070]","[18, 148, 191, 632]","[35, 134, 192, 759]","[27, 120, 169, 811]","[33, 84, 137, 999]","[29, 159, 173, 747]","[33, 68, 141, 416]","[26, 89, 222, 1041]","[35, 121, 109, 863]","[27, 73, 214, 709]","[21, 36, 209, 742]","[21, 97, 225, 427]","[40, 39, 169, 573]","[40, 72, 167, 647]","[30, 97, 178, 1044]","[40, 136, 167, 429]","[37, 85, 92, 905]","[30, 114, 209, 870]","[35, 47, 120, 1119]","[35, 106, 180, 1192]","[36, 150, 120, 1106]","[25, 83, 147, 621]","[28, 63, 148, 945]","[19, 108, 167, 715]","[33, 98, 220, 740]","[32, 130, 208, 1066]","[37, 157, 233, 435]","[18, 157, 54, 1193]","[25, 141, 144, 956]","[29, 75, 119, 777]","[39, 150, 149, 513]","[31, 65, 164, 1126]","[19, 117, 205, 881]","[24, 42, 159, 476]","[20, 134, 139, 442]","[25, 61, 100, 441]","[29, 124, 218, 878]","[34, 70, 211, 592]","[37, 62, 177, 539]","[40, 81, 221, 802]","[33, 45, 237, 986]","[31, 40, 55, 822]","[19, 84, 113, 1102]","[27, 153, 146, 675]","[25, 59, 170, 473]","[20, 54, 117, 844]","[33, 90, 119, 1121]","[22, 92, 194, 897]","[36, 75, 203, 645]","[26, 91, 150, 674]","[35, 111, 146, 1133]","[19, 114, 143, 1102]","[30, 89, 170, 406]","[22, 73, 220, 873]","[29, 76, 163, 848]","[38, 119, 125, 980]","[27, 150, 185, 1039]","[20, 56, 64, 911]","[28, 113, 162, 1175]","[38, 143, 234, 1002]","[33, 137, 81, 916]","[22, 79, 201, 980]","[23, 79, 89, 633]","[32, 145, 84, 741]","[40, 98, 186, 652]","[39, 80, 232, 1108]","[18, 76, 238, 702]","[25, 45, 193, 955]","[39, 42, 166, 878]","[38, 67, 71, 607]","[22, 91, 81, 401]","[33, 59, 205, 987]","[23, 122, 163, 1184]","[29, 142, 134, 660]","[20, 128, 199, 565]","[39, 36, 154, 911]","[34, 134, 144, 664]","[37, 140, 233, 1161]","[30, 43, 172, 674]","[27, 144, 178, 617]","[24, 43, 59, 773]","[20, 152, 164, 610]","[20, 150, 215, 1032]","[38, 76, 62, 689]","[18, 63, 222, 589]","[35, 94, 213, 884]"
"[21, 84, 204, 525]","[20, 109, 69, 818]","[39, 121, 165, 989]","[36, 97, 95, 1045]","[25, 160, 186, 643]","[30, 50, 135, 825]","[19, 102, 58, 957]","[34, 154, 165, 994]","[40, 37, 69, 825]","[32, 127, 137, 481]","[31, 101, 126, 497]","[31, 101, 60, 450]","[23, 105, 110, 653]","[29, 85, 174, 895]","[28, 52, 104, 696]","[40, 50, 169, 1167]","[30, 36, 235, 1185]","[31, 104, 240, 452]","[37, 97, 73, 1146]","[34, 66, 176, 468]","[39, 102, 114, 512]","[18, 144, 51, 501]","[21, 109, 169, 786]","[19, 56, 151, 1082]","[33, 80, 152, 804]","[24, 108, 61, 1146]","[19, 158, 151, 730]","[40, 128, 217, 531]","[39, 105, 218, 756]","[40, 121, 79, 1072]","[39, 140, 133, 690]","[39, 151, 239, 911]","[36, 65, 240, 716]","[25, 96, 88, 616]","[22, 97, 236, 1009]","[24, 132, 202, 519]","[34, 77, 145, 757]","[27, 46, 166, 1173]","[28, 100, 99, 1005]","[40, 44, 214, 1152]","[38, 36, 68, 1020]","[23, 95, 228, 760]","[37, 119, 120, 581]","[40, 146, 104, 635]","[33, 47, 171, 560]","[18, 146, 204, 689]","[33, 110, 210, 678]","[32, 67, 191, 427]","[31, 90, 148, 840]","[34, 125, 211, 1066]","[34, 141, 140, 1083]","[31, 75, 169, 1122]","[30, 37, 79, 477]","[23, 67, 184, 1081]","[20, 116, 65, 422]","[21, 100, 50, 1011]","[18, 150, 73, 406]","[30, 51, 57, 989]","[28, 129, 67, 706]","[21, 138, 60, 1059]","[31, 138, 92, 933]","[34, 160, 231, 448]","[23, 156, 88, 579]","[27, 116, 112, 892]","[34, 139, 205, 1072]","[29, 137, 194, 1001]","[18, 119, 136, 626]","[32, 97, 138, 697]","[38, 143, 201, 682]","[31, 140, 199, 645]","[29, 90, 148, 929]","[32, 133, 112, 998]","[28, 46, 131, 1149]","[24, 73, 167, 718]","[19, 126, 97, 448]","[32, 110, 97, 611]","[25, 77, 238, 1163]","[31, 155, 216, 584]","[36, 76, 174, 930]","[32, 70, 171, 757]","[24, 133, 143, 614]","[28, 134, 109, 919]","[37, 160, 91, 1086]","[28, 107, 59, 700]","[20, 64, 95, 998]","[25, 91, 118, 450]","[33, 63, 236, 581]","[35, 85, 98, 590]","[22, 136, 146, 918]","[34, 123, 67, 513]","[21, 72, 181, 444]","[24, 89, 240, 520]","[21, 36, 216, 512]","[25, 131, 111, 853]","[22, 93, 121, 1047]","[27, 139, 105, 526]","[21, 103, 159, 706]","[33, 154, 161, 1073]","[25, 47, 72, 642]","[22, 95, 157, 419]"
"[31, 44, 152, 832]","[32, 50, 165, 471]","[18, 44, 101, 526]","[32, 108, 175, 534]","[37, 126, 138, 499]","[38, 52, 106, 881]","[18, 108, 100, 780]","[37, 88, 53, 972]","[18, 76, 69, 826]","[24, 159, 174, 410]","[39, 123, 215, 687]","[34, 47, 89, 407]","[32, 128, 151, 1157]","[27, 58, 105, 1046]","[30, 41, 132, 976]","[25, 116, 168, 1090]","[25, 38, 163, 534]","[19, 67, 183, 948]","[23, 140, 148, 425]","[31, 116, 214, 868]","[31, 133, 159, 1115]","[38, 133, 59, 1027]","[22, 107, 153, 1160]","[25, 103, 158, 801]","[36, 85, 71, 1121]","[33, 152, 55, 430]","[35, 70, 112, 735]","[21, 54, 93, 930]","[34, 126, 139, 1128]","[21, 46, 116, 912]","[23, 117, 84, 1061]","[40, 110, 177, 1102]","[22, 98, 214, 756]","[32, 123, 92, 437]","[36, 90, 157, 585]","[32, 101, 190, 542]","[20, 80, 240, 666]","[36, 146, 218, 908]","[40, 115, 162, 530]","[30, 132, 92, 1019]","[21, 152, 152, 864]","[22, 125, 104, 1010]","[21, 74, 70, 1168]","[37, 143, 77, 421]","[38, 81, 123, 725]","[33, 150, 120, 770]","[30, 123, 171, 985]","[28, 89, 152, 785]","[24, 35, 137, 865]","[20, 48, 139, 785]","[32, 97, 229, 588]","[22, 61, 147, 805]","[30, 89, 133, 1174]","[20, 79, 152, 872]","[32, 41, 197, 728]","[20, 146, 163, 633]","[34, 59, 161, 995]","[31, 35, 112, 465]","[27, 42, 234, 570]","[21, 118, 189, 1144]","[37, 111, 51, 1025]","[22, 104, 98, 517]","[39, 73, 168, 1199]","[35, 146, 119, 984]","[31, 139, 177, 1043]","[35, 141, 67, 622]","[23, 80, 209, 552]","[40, 75, 204, 1139]","[24, 56, 98, 653]","[40, 157, 223, 426]","[22, 116, 54, 658]","[19, 143, 51, 608]","[38, 106, 226, 654]","[37, 103, 101, 1174]","[29, 94, 56, 681]","[26, 154, 160, 847]","[23, 43, 50, 706]","[21, 153, 121, 1093]","[30, 140, 73, 1126]","[40, 108, 229, 1134]","[40, 37, 201, 1168]","[34, 108, 55, 1075]","[34, 98, 123, 950]","[29, 132, 146, 618]","[22, 72, 99, 1018]","[32, 111, 122, 1150]","[23, 86, 233, 1158]","[36, 61, 235, 938]","[40, 148, 204, 475]","[25, 59, 238, 963]","[35, 74, 91, 1158]","[33, 145, 229, 1173]","[37, 124, 193, 790]","[21, 47, 176, 1054]","[30, 150, 188, 645]","[18, 112, 229, 1099]","[24, 74, 134, 1015]","[36, 160, 121, 940]","[30, 43, 89, 828]","[25, 89, 92, 1186]"
"[30, 53, 70, 1122]","[18, 85, 177, 1157]","[38, 55, 98, 894]","[38, 157, 62, 919]","[34, 118, 181, 544]","[29, 115, 115, 458]","[34, 154, 185, 571]","[31, 62, 141, 414]","[22, 44, 131, 766]","[35, 110, 196, 580]","[38, 97, 102, 428]","[18, 43, 58, 1029]","[22, 97, 153, 787]","[30, 97, 197, 577]","[37, 68, 233, 779]","[37, 112, 235, 694]","[31, 113, 93, 640]","[34, 76, 120, 452]","[18, 143, 212, 1076]","[35, 102, 168, 478]","[19, 77, 213, 1184]","[33, 127, 237, 792]","[40, 99, 206, 984]","[39, 125, 185, 750]","[27, 128, 208, 483]","[25, 93, 183, 739]","[38, 155, 76, 779]","[36, 124, 187, 947]","[39, 118, 77, 768]","[26, 82, 91, 834]","[27, 42, 180, 1036]","[21, 85, 189, 653]","[37, 64, 101, 939]","[23, 51, 137, 709]","[39, 120, 198, 895]","[26, 121, 119, 810]","[37, 125, 85, 450]","[28, 64, 158, 674]","[34, 114, 171, 608]","[36, 64, 182, 917]","[35, 104, 228, 875]","[22, 160, 227, 776]","[39, 117, 130, 900]","[38, 145, 87, 804]","[32, 55, 157, 1181]","[35, 85, 231, 1187]","[27, 77, 170, 847]","[29, 43, 230, 863]","[33, 55, 185, 717]","[20, 134, 131, 1114]","[34, 80, 143, 847]","[33, 80, 203, 1174]","[35, 105, 76, 1176]","[29, 114, 137, 974]","[38, 148, 148, 829]","[19, 157, 154, 568]","[37, 157, 78, 541]","[25, 79, 99, 990]","[36, 130, 79, 531]","[26, 36, 128, 670]","[34, 55, 220, 1185]","[34, 70, 182, 801]","[36, 100, 50, 633]","[36, 138, 139, 528]","[21, 122, 94, 681]","[32, 90, 194, 1140]","[37, 81, 233, 1085]","[27, 61, 52, 456]","[25, 54, 136, 589]","[28, 123, 176, 474]","[33, 93, 194, 533]","[35, 131, 153, 931]","[37, 70, 75, 478]","[35, 109, 218, 479]","[30, 84, 51, 1197]","[21, 130, 102, 1040]","[39, 87, 147, 1136]","[36, 36, 219, 461]","[26, 84, 211, 652]","[24, 94, 125, 721]","[24, 142, 201, 1031]","[18, 64, 208, 665]","[32, 111, 67, 1101]","[26, 36, 137, 899]","[28, 64, 62, 756]","[32, 129, 69, 776]","[23, 59, 208, 1016]","[23, 93, 67, 776]","[22, 116, 191, 732]","[27, 142, 134, 994]","[30, 61, 193, 579]","[26, 73, 148, 531]","[32, 154, 72, 556]","[21, 94, 204, 901]","[26, 54, 87, 514]","[20, 102, 126, 726]","[25, 112, 135, 674]","[35, 102, 127, 829]","[31, 105, 145, 822]","[32, 51, 61, 1140]"
"[29, 159, 65, 990]","[40, 95, 133, 820]","[35, 47, 114, 1038]","[40, 99, 191, 1078]","[26, 70, 97, 453]","[21, 47, 123, 672]","[27, 123, 222, 950]","[19, 114, 216, 1012]","[35, 50, 119, 845]","[32, 70, 97, 1110]","[26, 126, 157, 849]","[38, 105, 141, 684]","[39, 157, 109, 1043]","[21, 35, 147, 665]","[39, 149, 91, 1042]","[39, 92, 70, 1051]","[37, 44, 240, 704]","[21, 87, 142, 870]","[34, 56, 108, 825]","[19, 76, 204, 1017]","[28, 103, 152, 668]","[25, 94, 180, 474]","[32, 128, 114, 650]","[39, 80, 229, 880]","[39, 107, 93, 806]","[30, 68, 134, 1000]","[34, 134, 125, 1109]","[19, 128, 74, 720]","[22, 137, 190, 1060]","[39, 48, 54, 514]","[38, 144, 138, 457]","[23, 56, 81, 801]","[32, 52, 231, 548]","[19, 146, 205, 706]","[33, 47, 140, 1188]","[20, 37, 129, 1082]","[32, 124, 103, 1090]","[27, 144, 59, 499]","[39, 42, 235, 991]","[23, 43, 194, 841]","[19, 38, 104, 1099]","[34, 159, 155, 1015]","[23, 72, 117, 590]","[30, 59, 192, 456]","[22, 56, 147, 710]","[30, 101, 182, 456]","[38, 147, 93, 730]","[26, 68, 93, 429]","[24, 97, 174, 489]","[25, 104, 96, 693]","[25, 37, 233, 784]","[39, 60, 163, 515]","[33, 160, 56, 900]","[20, 139, 61, 1181]","[39, 142, 61, 1030]","[31, 55, 132, 571]","[18, 93, 239, 575]","[33, 49, 60, 809]","[37, 57, 104, 597]","[36, 151, 99, 509]","[22, 113, 135, 1000]","[38, 113, 82, 1087]","[40, 148, 211, 598]","[27, 73, 135, 616]","[21, 52, 230, 747]","[29, 57, 193, 407]","[24, 143, 84, 681]","[38, 151, 136, 624]","[37, 87, 215, 636]","[18, 127, 232, 1028]","[24, 105, 128, 647]","[23, 124, 98, 1162]","[22, 101, 56, 858]","[25, 79, 101, 981]","[28, 49, 152, 927]","[25, 82, 166, 973]","[37, 159, 87, 855]","[24, 66, 120, 841]","[24, 43, 113, 1135]","[19, 88, 92, 842]","[39, 92, 239, 531]","[40, 138, 220, 1172]","[40, 153, 143, 535]","[32, 74, 234, 802]","[18, 129, 174, 664]","[23, 116, 134, 524]","[35, 112, 225, 907]","[19, 131, 173, 465]","[40, 159, 143, 947]","[27, 128, 96, 513]","[36, 93, 124, 687]","[33, 97, 189, 505]","[25, 35, 228, 1150]","[39, 75, 233, 699]","[18, 37, 132, 1089]","[38, 104, 121, 457]","[21, 57, 52, 676]","[40, 147, 102, 1143]","[31, 59, 51, 455]","[19, 88, 144, 1013]"
"[36, 76, 178, 903]","[19, 150, 174, 590]","[30, 115, 222, 975]","[22, 38, 120, 642]","[27, 110, 50, 980]","[22, 59, 195, 823]","[39, 103, 184, 1064]","[19, 38, 213, 982]","[22, 113, 96, 633]","[37, 85, 134, 481]","[24, 48, 53, 415]","[39, 79, 112, 701]","[40, 76, 87, 1061]","[27, 136, 76, 643]","[23, 39, 229, 427]","[31, 41, 208, 690]","[33, 37, 89, 713]","[34, 38, 193, 696]","[27, 121, 105, 823]","[27, 111, 129, 1122]","[28, 147, 225, 679]","[40, 40, 91, 410]","[29, 115, 57, 887]","[22, 115, 67, 758]","[40, 98, 184, 555]","[37, 136, 231, 945]","[27, 109, 158, 1128]","[18, 102, 95, 889]","[30, 123, 129, 978]","[32, 47, 112, 1086]","[33, 37, 64, 836]","[18, 103, 87, 1070]","[20, 136, 235, 882]","[33, 126, 177, 551]","[29, 121, 239, 957]","[30, 39, 180, 747]","[21, 56, 117, 818]","[18, 104, 77, 441]","[22, 41, 133, 1105]","[23, 54, 52, 418]","[33, 120, 227, 971]","[38, 141, 146, 1058]","[32, 131, 234, 844]","[31, 91, 182, 756]","[38, 108, 189, 724]","[38, 140, 172, 819]","[18, 53, 122, 994]","[40, 128, 118, 1100]","[32, 62, 227, 520]","[22, 71, 160, 1114]","[20, 157, 182, 502]","[39, 160, 53, 1077]","[36, 101, 177, 883]","[20, 150, 198, 945]","[24, 46, 217, 456]","[22, 77, 162, 1121]","[40, 43, 71, 529]","[40, 113, 158, 1180]","[24, 107, 184, 685]","[23, 131, 221, 821]","[19, 154, 143, 1004]","[22, 92, 161, 924]","[31, 73, 152, 415]","[34, 148, 106, 1130]","[28, 37, 231, 768]","[36, 41, 88, 555]","[40, 62, 51, 718]","[36, 79, 121, 1022]","[28, 60, 178, 927]","[18, 56, 221, 881]","[26, 129, 215, 962]","[20, 86, 157, 447]","[37, 35, 80, 987]","[18, 70, 203, 1043]","[38, 48, 91, 998]","[25, 115, 191, 595]","[25, 159, 142, 581]","[21, 158, 227, 735]","[21, 74, 235, 683]","[24, 72, 189, 488]","[40, 74, 153, 1077]","[34, 64, 204, 952]","[32, 108, 63, 1064]","[28, 52, 171, 416]","[27, 63, 127, 786]","[23, 48, 63, 1180]","[30, 150, 180, 1004]","[35, 79, 155, 1056]","[34, 121, 238, 506]","[32, 146, 220, 461]","[33, 128, 80, 1062]","[33, 146, 213, 918]","[40, 89, 200, 593]","[22, 67, 174, 1074]","[35, 116, 100, 934]","[32, 126, 204, 1055]","[21, 74, 93, 423]","[22, 76, 86, 941]","[34, 106, 99, 1122]","[20, 47, 99, 1020]"
"[37, 86, 181, 836]","[21, 45, 134, 715]","[28, 42, 75, 664]","[20, 129, 169, 727]","[21, 43, 101, 825]","[33, 116, 133, 1085]","[36, 94, 99, 1063]","[40, 51, 158, 876]","[25, 58, 171, 1122]","[33, 86, 72, 982]","[39, 100, 53, 618]","[33, 138, 223, 1012]","[22, 160, 240, 495]","[39, 77, 199, 747]","[29, 75, 225, 617]","[21, 44, 57, 980]","[29, 83, 174, 1200]","[33, 49, 173, 872]","[38, 145, 57, 445]","[28, 159, 115, 1170]","[24, 46, 213, 857]","[30, 117, 107, 1171]","[40, 39, 69, 547]","[40, 62, 138, 1027]","[38, 136, 221, 503]","[28, 107, 88, 652]","[32, 62, 76, 845]","[28, 35, 127, 631]","[37, 104, 128, 862]","[20, 116, 88, 914]","[22, 51, 124, 981]","[28, 138, 179, 710]","[31, 97, 93, 441]","[23, 67, 202, 669]","[22, 96, 160, 1062]","[37, 151, 66, 534]","[33, 125, 84, 495]","[25, 64, 66, 846]","[38, 83, 110, 608]","[35, 118, 56, 968]","[32, 149, 51, 817]","[21, 76, 148, 815]","[36, 43, 192, 689]","[26, 107, 130, 1015]","[22, 132, 156, 684]","[22, 50, 208, 1158]","[30, 150, 191, 1141]","[37, 51, 82, 1039]","[22, 95, 121, 677]","[24, 86, 55, 1063]","[20, 66, 179, 614]","[21, 121, 143, 1131]","[34, 154, 158, 486]","[37, 93, 190, 942]","[20, 132, 227, 567]","[38, 55, 54, 681]","[32, 109, 137, 918]","[40, 119, 178, 469]","[34, 103, 176, 772]","[35, 146, 80, 933]","[23, 89, 81, 526]","[29, 48, 200, 754]","[24, 59, 99, 582]","[25, 148, 217, 692]","[35, 131, 137, 540]","[32, 50, 239, 561]","[39, 90, 219, 659]","[19, 100, 177, 1079]","[26, 55, 119, 1063]","[22, 40, 82, 841]","[38, 41, 80, 516]","[18, 139, 66, 851]","[18, 125, 84, 480]","[26, 63, 98, 885]","[38, 53, 65, 906]","[34, 68, 92, 1012]","[26, 153, 205, 608]","[25, 74, 96, 1008]","[26, 74, 104, 402]","[24, 87, 233, 636]","[34, 71, 219, 1010]","[18, 109, 196, 419]","[23, 138, 172, 1135]","[26, 47, 207, 1058]","[39, 142, 54, 1124]","[21, 65, 206, 816]","[35, 113, 216, 921]","[18, 126, 68, 676]","[39, 96, 109, 837]","[25, 113, 76, 818]","[35, 77, 108, 516]","[36, 54, 211, 1156]","[37, 142, 221, 630]","[26, 65, 168, 851]","[37, 144, 139, 453]","[28, 98, 98, 714]","[22, 47, 163, 977]","[24, 123, 131, 533]","[23, 102, 58, 870]","[27, 39, 96, 977]"
"[32, 94, 230, 814]","[27, 143, 90, 792]","[35, 138, 129, 931]","[26, 65, 153, 635]","[37, 93, 224, 518]","[40, 85, 184, 1155]","[19, 47, 93, 821]","[38, 87, 124, 1042]","[38, 149, 179, 591]","[22, 36, 56, 474]","[28, 59, 73, 1016]","[31, 132, 226, 598]","[36, 39, 171, 1071]","[30, 60, 227, 860]","[18, 82, 134, 617]","[31, 60, 168, 953]","[31, 127, 102, 679]","[18, 114, 102, 749]","[22, 43, 185, 1158]","[24, 144, 183, 993]","[34, 63, 127, 555]","[30, 122, 231, 985]","[33, 89, 88, 994]","[26, 41, 141, 677]","[26, 84, 137, 898]","[28, 105, 211, 1132]","[26, 136, 224, 744]","[26, 159, 233, 1162]","[35, 152, 125, 1009]","[36, 156, 177, 1095]","[27, 71, 60, 746]","[25, 44, 134, 1123]","[18, 79, 160, 555]","[37, 126, 168, 1165]","[37, 68, 189, 702]","[38, 105, 53, 876]","[24, 49, 155, 402]","[37, 67, 175, 768]","[38, 157, 52, 1113]","[37, 160, 227, 869]","[23, 125, 152, 468]","[22, 84, 53, 582]","[35, 47, 125, 837]","[32, 125, 123, 985]","[34, 130, 62, 509]","[39, 58, 80, 808]","[29, 71, 115, 1093]","[38, 139, 159, 652]","[26, 41, 232, 841]","[29, 87, 81, 647]","[21, 102, 219, 524]","[33, 145, 132, 973]","[32, 101, 81, 666]","[21, 66, 87, 1070]","[30, 152, 75, 566]","[38, 57, 124, 858]","[40, 90, 61, 431]","[28, 78, 119, 1108]","[34, 86, 236, 711]","[29, 101, 129, 511]","[22, 36, 133, 633]","[25, 113, 52, 854]","[27, 40, 172, 712]","[30, 160, 51, 446]","[29, 159, 232, 1122]","[24, 100, 176, 967]","[28, 61, 155, 678]","[26, 71, 65, 622]","[24, 144, 88, 949]","[34, 143, 127, 788]","[34, 127, 109, 679]","[36, 63, 157, 985]","[20, 44, 89, 736]","[18, 88, 180, 744]","[30, 95, 175, 940]","[18, 40, 126, 926]","[19, 37, 51, 457]","[25, 72, 216, 414]","[20, 78, 232, 966]","[40, 144, 110, 1051]","[29, 43, 142, 1100]","[25, 123, 202, 546]","[36, 75, 196, 418]","[37, 38, 99, 1008]","[39, 123, 70, 938]","[35, 111, 84, 493]","[40, 83, 149, 499]","[39, 50, 134, 748]","[20, 148, 215, 891]","[38, 68, 177, 1137]","[29, 148, 225, 1160]","[19, 75, 116, 519]","[35, 128, 57, 414]","[26, 93, 162, 492]","[37, 77, 193, 672]","[38, 40, 61, 1183]","[35, 126, 162, 1153]","[40, 119, 139, 698]","[20, 103, 73, 852]","[20, 107, 50, 625]"
"[32, 39, 125, 1004]","[35, 133, 120, 1087]","[27, 159, 196, 1118]","[34, 53, 174, 1132]","[29, 143, 135, 1180]","[29, 154, 71, 841]","[40, 61, 63, 454]","[37, 85, 64, 649]","[26, 85, 140, 424]","[35, 81, 132, 692]","[18, 74, 236, 1093]","[21, 128, 231, 407]","[40, 103, 109, 1061]","[23, 86, 204, 1061]","[34, 138, 60, 927]","[24, 42, 142, 950]","[20, 36, 193, 1137]","[39, 70, 68, 845]","[35, 113, 69, 1109]","[39, 134, 119, 1170]","[27, 107, 72, 1177]","[19, 99, 167, 978]","[27, 151, 186, 905]","[28, 71, 166, 433]","[29, 41, 64, 740]","[29, 67, 144, 1093]","[38, 110, 146, 616]","[38, 44, 240, 890]","[22, 84, 238, 695]","[37, 84, 84, 992]","[19, 69, 187, 539]","[20, 37, 90, 960]","[32, 107, 152, 539]","[28, 132, 140, 504]","[30, 136, 215, 1145]","[37, 142, 168, 710]","[18, 98, 67, 1025]","[28, 102, 213, 886]","[35, 160, 130, 782]","[20, 126, 201, 1093]","[28, 102, 140, 1112]","[19, 86, 93, 617]","[27, 52, 114, 986]","[29, 96, 215, 939]","[36, 94, 90, 787]","[36, 90, 218, 1107]","[40, 158, 89, 476]","[26, 79, 131, 953]","[30, 116, 170, 778]","[26, 140, 88, 999]","[25, 67, 220, 407]","[19, 151, 218, 1065]","[34, 84, 152, 470]","[25, 105, 149, 592]","[36, 99, 96, 648]","[27, 95, 190, 462]","[21, 160, 155, 941]","[28, 47, 70, 725]","[35, 159, 160, 605]","[36, 54, 165, 690]","[38, 122, 149, 721]","[39, 148, 137, 752]","[19, 107, 76, 1002]","[29, 125, 174, 1134]","[34, 78, 219, 1064]","[26, 118, 230, 1045]","[34, 69, 132, 887]","[24, 92, 89, 607]","[27, 88, 121, 743]","[24, 89, 183, 854]","[27, 84, 94, 748]","[36, 110, 239, 776]","[33, 36, 85, 697]","[36, 124, 136, 953]","[24, 143, 86, 1030]","[27, 155, 61, 959]","[18, 57, 134, 607]","[24, 142, 208, 975]","[39, 143, 231, 594]","[28, 111, 92, 1110]","[21, 152, 85, 437]","[38, 66, 207, 1081]","[40, 57, 118, 991]","[22, 97, 160, 923]","[36, 72, 51, 1057]","[19, 48, 144, 841]","[22, 38, 91, 444]","[36, 77, 61, 528]","[37, 144, 188, 870]","[22, 43, 118, 466]","[37, 105, 193, 597]","[21, 107, 104, 1059]","[19, 127, 201, 1135]","[24, 147, 101, 1156]","[36, 152, 88, 545]","[33, 55, 93, 670]","[32, 96, 204, 763]","[22, 114, 196, 507]","[30, 71, 236, 1075]","[23, 128, 112, 1043]"
"[30, 76, 150, 526]","[30, 153, 204, 1178]","[36, 89, 142, 579]","[28, 54, 233, 512]","[36, 157, 193, 469]","[26, 50, 169, 606]","[20, 95, 201, 1151]","[29, 99, 106, 1164]","[32, 136, 99, 1101]","[34, 153, 200, 412]","[24, 63, 62, 1199]","[31, 48, 216, 636]","[39, 90, 175, 844]","[23, 100, 73, 633]","[33, 68, 65, 766]","[38, 97, 86, 756]","[40, 49, 145, 548]","[24, 62, 57, 672]","[36, 148, 64, 1136]","[21, 119, 165, 1129]","[22, 59, 141, 945]","[37, 119, 141, 833]","[23, 42, 77, 475]","[25, 43, 223, 1089]","[26, 153, 118, 708]","[40, 115, 113, 844]","[28, 86, 130, 972]","[38, 154, 164, 888]","[29, 56, 223, 1053]","[30, 137, 178, 1006]","[26, 97, 145, 1094]","[27, 117, 68, 441]","[24, 49, 92, 978]","[18, 136, 124, 872]","[37, 123, 93, 473]","[30, 114, 183, 435]","[28, 38, 171, 722]","[25, 83, 192, 663]","[21, 105, 63, 857]","[38, 87, 51, 652]","[38, 130, 65, 969]","[33, 74, 157, 936]","[37, 70, 134, 1052]","[28, 79, 75, 1156]","[36, 105, 149, 511]","[21, 36, 142, 417]","[19, 136, 205, 945]","[39, 104, 74, 510]","[38, 109, 161, 1155]","[36, 121, 236, 430]","[36, 53, 187, 835]","[38, 151, 54, 516]","[21, 127, 139, 548]","[24, 119, 221, 1060]","[39, 131, 50, 722]","[20, 153, 117, 1080]","[27, 80, 218, 1167]","[28, 157, 68, 1105]","[25, 152, 91, 951]","[37, 98, 103, 458]","[28, 50, 220, 842]","[34, 40, 74, 1027]","[29, 56, 145, 816]","[29, 155, 199, 832]","[25, 158, 89, 771]","[36, 86, 168, 862]","[39, 105, 182, 597]","[39, 90, 145, 949]","[27, 122, 78, 1061]","[24, 127, 194, 518]","[39, 53, 229, 893]","[32, 132, 66, 520]","[30, 158, 206, 831]","[30, 152, 81, 474]","[27, 102, 122, 771]","[28, 109, 195, 434]","[20, 124, 193, 1067]","[33, 106, 111, 724]","[20, 62, 195, 596]","[23, 43, 133, 687]","[26, 53, 207, 504]","[30, 58, 209, 558]","[38, 143, 116, 796]","[29, 49, 173, 618]","[24, 120, 108, 845]","[32, 127, 178, 916]","[39, 80, 94, 1108]","[32, 69, 135, 536]","[19, 144, 138, 839]","[22, 118, 220, 611]","[31, 54, 149, 840]","[19, 102, 171, 658]","[19, 63, 193, 956]","[28, 142, 108, 600]","[33, 135, 63, 740]","[29, 75, 94, 986]","[24, 89, 138, 696]","[34, 81, 74, 780]","[24, 91, 99, 622]","[24, 152, 171, 1179]"
"[26, 126, 101, 430]","[25, 91, 119, 541]","[21, 81, 58, 1169]","[37, 89, 106, 928]","[24, 139, 62, 951]","[38, 69, 195, 857]","[33, 64, 211, 1119]","[37, 120, 86, 882]","[33, 153, 112, 1159]","[37, 51, 222, 535]","[40, 65, 114, 930]","[24, 78, 128, 654]","[40, 71, 74, 992]","[19, 96, 51, 513]","[30, 56, 64, 1062]","[38, 113, 205, 673]","[20, 114, 110, 591]","[39, 99, 158, 533]","[38, 97, 211, 1109]","[26, 52, 62, 603]","[20, 149, 158, 1111]","[30, 138, 62, 438]","[34, 123, 57, 921]","[40, 123, 155, 721]","[19, 37, 163, 1134]","[30, 157, 110, 641]","[19, 38, 179, 829]","[32, 150, 177, 735]","[19, 66, 90, 882]","[29, 80, 239, 777]","[28, 128, 51, 1134]","[28, 119, 188, 416]","[31, 124, 122, 1147]","[32, 155, 196, 919]","[24, 106, 122, 589]","[31, 67, 149, 792]","[37, 106, 132, 939]","[21, 37, 187, 1033]","[19, 89, 194, 1045]","[26, 78, 88, 706]","[30, 152, 103, 675]","[25, 160, 110, 1133]","[37, 50, 104, 436]","[34, 140, 77, 738]","[33, 105, 198, 572]","[19, 141, 193, 914]","[25, 84, 199, 932]","[27, 138, 233, 1124]","[35, 87, 128, 984]","[32, 94, 225, 1104]","[23, 137, 70, 977]","[24, 120, 155, 508]","[18, 80, 56, 560]","[32, 146, 228, 1050]","[27, 135, 167, 1107]","[28, 100, 152, 417]","[39, 80, 209, 1066]","[24, 110, 113, 584]","[26, 131, 104, 480]","[18, 133, 91, 526]","[32, 85, 196, 562]","[29, 56, 68, 1136]","[30, 160, 171, 447]","[27, 157, 104, 759]","[27, 153, 178, 1071]","[33, 81, 198, 1089]","[34, 139, 120, 744]","[25, 157, 219, 978]","[24, 58, 159, 1192]","[36, 136, 171, 1055]","[22, 118, 237, 499]","[28, 71, 230, 1011]","[23, 141, 154, 403]","[36, 139, 195, 1186]","[38, 45, 148, 481]","[32, 157, 229, 703]","[26, 61, 62, 1038]","[29, 72, 62, 1150]","[20, 154, 75, 1045]","[20, 94, 212, 557]","[24, 112, 64, 944]","[24, 157, 141, 553]","[25, 47, 196, 674]","[21, 148, 85, 1081]","[39, 98, 111, 743]","[38, 128, 109, 411]","[34, 49, 62, 1149]","[18, 152, 117, 1135]","[36, 151, 79, 973]","[28, 114, 206, 1192]","[26, 93, 59, 1021]","[21, 111, 135, 1016]","[25, 46, 131, 973]","[18, 143, 138, 580]","[26, 99, 209, 440]","[37, 142, 156, 658]","[19, 90, 123, 517]","[25, 55, 193, 853]","[21, 133, 156, 1094]","[32, 97, 115, 1119]"
"[28, 76, 208, 773]","[38, 57, 192, 991]","[32, 41, 219, 1142]","[23, 49, 126, 769]","[34, 37, 78, 596]","[36, 118, 192, 1053]","[23, 106, 110, 919]","[20, 72, 233, 523]","[21, 107, 237, 859]","[27, 114, 186, 569]","[37, 146, 186, 636]","[36, 81, 61, 695]","[24, 159, 145, 774]","[24, 139, 207, 1087]","[21, 77, 175, 664]","[32, 127, 164, 902]","[30, 118, 198, 600]","[34, 35, 150, 404]","[26, 150, 77, 885]","[27, 155, 180, 999]","[34, 42, 212, 751]","[31, 89, 66, 512]","[33, 101, 166, 1039]","[38, 90, 234, 546]","[38, 142, 88, 759]","[24, 145, 91, 969]","[19, 63, 64, 1166]","[26, 129, 91, 963]","[19, 83, 88, 1054]","[37, 120, 79, 510]","[27, 46, 226, 869]","[36, 151, 182, 686]","[35, 116, 69, 903]","[22, 53, 206, 1115]","[26, 71, 197, 683]","[34, 37, 98, 810]","[31, 101, 117, 1085]","[34, 93, 237, 911]","[33, 84, 153, 428]","[39, 90, 114, 540]","[19, 115, 130, 566]","[24, 86, 85, 401]","[40, 145, 76, 469]","[39, 55, 235, 717]","[32, 83, 201, 512]","[34, 154, 178, 604]","[30, 82, 207, 565]","[24, 144, 122, 845]","[24, 149, 230, 487]","[25, 153, 120, 1121]","[31, 89, 175, 538]","[32, 133, 206, 461]","[21, 79, 118, 781]","[37, 69, 226, 1180]","[19, 38, 229, 581]","[31, 87, 50, 869]","[35, 111, 69, 1141]","[29, 95, 191, 458]","[25, 100, 163, 606]","[40, 152, 118, 674]","[30, 92, 220, 737]","[33, 121, 231, 684]","[24, 112, 112, 935]","[28, 95, 193, 1195]","[40, 94, 146, 1053]","[35, 88, 205, 1063]","[38, 39, 131, 448]","[30, 48, 117, 577]","[27, 46, 161, 894]","[19, 125, 185, 744]","[19, 61, 221, 703]","[29, 70, 154, 537]","[35, 90, 67, 545]","[32, 157, 152, 930]","[34, 157, 50, 765]","[34, 73, 118, 725]","[24, 73, 205, 612]","[22, 98, 76, 875]","[29, 38, 52, 658]","[35, 77, 118, 1050]","[24, 129, 169, 795]","[22, 36, 182, 782]","[26, 120, 109, 1009]","[32, 90, 114, 496]","[40, 71, 172, 504]","[39, 59, 195, 749]","[20, 95, 95, 1176]","[34, 153, 115, 665]","[36, 76, 173, 648]","[21, 135, 143, 1121]","[30, 65, 236, 433]","[23, 36, 152, 890]","[26, 38, 76, 757]","[21, 120, 54, 779]","[38, 84, 211, 557]","[30, 156, 136, 564]","[40, 56, 220, 910]","[38, 159, 89, 456]","[20, 80, 65, 731]","[30, 142, 172, 903]"
"[22, 44, 122, 758]","[28, 41, 216, 860]","[38, 151, 192, 648]","[28, 139, 233, 1156]","[19, 104, 110, 505]","[18, 49, 98, 611]","[36, 77, 220, 971]","[22, 104, 82, 494]","[24, 78, 181, 1012]","[23, 127, 182, 453]","[20, 125, 108, 457]","[36, 89, 77, 1116]","[30, 66, 107, 857]","[19, 86, 207, 944]","[38, 110, 62, 1108]","[22, 114, 131, 850]","[38, 132, 221, 560]","[20, 37, 71, 1013]","[37, 85, 51, 793]","[24, 48, 53, 1167]","[22, 77, 209, 1043]","[24, 126, 213, 898]","[18, 80, 195, 1134]","[18, 80, 53, 560]","[35, 140, 59, 919]","[30, 132, 185, 631]","[31, 55, 86, 859]","[24, 97, 118, 412]","[28, 130, 123, 678]","[26, 40, 200, 792]","[38, 74, 235, 567]","[30, 72, 197, 1031]","[20, 75, 117, 701]","[34, 44, 207, 689]","[36, 116, 71, 1159]","[22, 115, 165, 972]","[26, 76, 195, 448]","[22, 158, 145, 405]","[23, 71, 195, 655]","[21, 83, 113, 766]","[32, 115, 175, 852]","[24, 112, 140, 667]","[25, 135, 52, 448]","[30, 148, 81, 1134]","[20, 112, 90, 1099]","[35, 79, 86, 757]","[23, 108, 50, 470]","[20, 150, 71, 1138]","[23, 142, 211, 868]","[27, 152, 77, 593]","[24, 151, 175, 513]","[32, 76, 164, 792]","[19, 81, 208, 793]","[19, 120, 67, 897]","[27, 81, 66, 772]","[33, 140, 234, 1099]","[23, 150, 129, 634]","[40, 93, 175, 790]","[21, 47, 64, 510]","[39, 140, 187, 1186]","[23, 126, 172, 1069]","[37, 74, 163, 906]","[30, 53, 108, 920]","[36, 138, 113, 670]","[39, 91, 74, 909]","[25, 144, 71, 1174]","[18, 142, 134, 760]","[27, 50, 143, 635]","[28, 144, 173, 436]","[30, 64, 70, 746]","[39, 112, 212, 785]","[21, 126, 72, 746]","[23, 95, 169, 1113]","[20, 44, 163, 677]","[38, 69, 139, 1112]","[18, 101, 52, 839]","[31, 155, 130, 940]","[22, 47, 185, 1096]","[33, 91, 74, 823]","[21, 64, 192, 614]","[18, 154, 91, 855]","[32, 90, 99, 1167]","[36, 154, 239, 1129]","[18, 151, 156, 1094]","[25, 47, 133, 805]","[30, 100, 125, 884]","[30, 76, 72, 1192]","[26, 114, 190, 567]","[21, 39, 62, 1136]","[32, 67, 65, 573]","[25, 137, 76, 802]","[19, 96, 74, 1151]","[40, 108, 70, 682]","[38, 41, 69, 476]","[40, 141, 115, 661]","[21, 125, 83, 726]","[29, 36, 78, 415]","[19, 94, 227, 707]","[21, 144, 146, 871]","[33, 154, 56, 672]"
